,User,Email ID,Password
0,0,user_0@example.com,password0
1,1,user_1@example.com,password1
2,2,user_2@example.com,password2
3,3,user_3@example.com,password3
4,4,user_4@example.com,password4
5,5,user_5@example.com,password5
6,6,user_6@example.com,password6
7,7,user_7@example.com,password7
8,8,user_8@example.com,password8
9,9,user_9@example.com,password9
10,10,user_10@example.com,password10
11,11,user_11@example.com,password11
12,12,user_12@example.com,password12
13,13,user_13@example.com,password13
14,14,user_14@example.com,password14
15,15,user_15@example.com,password15
16,16,user_16@example.com,password16
17,17,user_17@example.com,password17
18,18,user_18@example.com,password18
19,19,user_19@example.com,password19
20,20,user_20@example.com,password20
21,21,user_21@example.com,password21
22,22,user_22@example.com,password22
23,23,user_23@example.com,password23
24,24,user_24@example.com,password24
25,25,user_25@example.com,password25
26,26,user_26@example.com,password26
27,27,user_27@example.com,password27
28,28,user_28@example.com,password28
29,29,user_29@example.com,password29
30,30,user_30@example.com,password30
31,31,user_31@example.com,password31
32,32,user_32@example.com,password32
33,33,user_33@example.com,password33
34,34,user_34@example.com,password34
35,35,user_35@example.com,password35
36,36,user_36@example.com,password36
37,37,user_37@example.com,password37
38,38,user_38@example.com,password38
39,39,user_39@example.com,password39
40,40,user_40@example.com,password40
41,41,user_41@example.com,password41
42,42,user_42@example.com,password42
43,43,user_43@example.com,password43
44,44,user_44@example.com,password44
45,45,user_45@example.com,password45
46,46,user_46@example.com,password46
47,47,user_47@example.com,password47
48,48,user_48@example.com,password48
49,49,user_49@example.com,password49
50,50,user_50@example.com,password50
51,51,user_51@example.com,password51
52,52,user_52@example.com,password52
53,53,user_53@example.com,password53
54,54,user_54@example.com,password54
55,55,user_55@example.com,password55
56,56,user_56@example.com,password56
57,57,user_57@example.com,password57
58,58,user_58@example.com,password58
59,59,user_59@example.com,password59
60,60,user_60@example.com,password60
61,61,user_61@example.com,password61
62,62,user_62@example.com,password62
63,63,user_63@example.com,password63
64,64,user_64@example.com,password64
65,65,user_65@example.com,password65
66,66,user_66@example.com,password66
67,67,user_67@example.com,password67
68,68,user_68@example.com,password68
69,69,user_69@example.com,password69
70,70,user_70@example.com,password70
71,71,user_71@example.com,password71
72,72,user_72@example.com,password72
73,73,user_73@example.com,password73
74,74,user_74@example.com,password74
75,75,user_75@example.com,password75
76,76,user_76@example.com,password76
77,77,user_77@example.com,password77
78,78,user_78@example.com,password78
79,79,user_79@example.com,password79
80,80,user_80@example.com,password80
81,81,user_81@example.com,password81
82,82,user_82@example.com,password82
83,83,user_83@example.com,password83
84,84,user_84@example.com,password84
85,85,user_85@example.com,password85
86,86,user_86@example.com,password86
87,87,user_87@example.com,password87
88,88,user_88@example.com,password88
89,89,user_89@example.com,password89
90,90,user_90@example.com,password90
91,91,user_91@example.com,password91
92,92,user_92@example.com,password92
93,93,user_93@example.com,password93
94,94,user_94@example.com,password94
95,95,user_95@example.com,password95
96,96,user_96@example.com,password96
97,97,user_97@example.com,password97
98,98,user_98@example.com,password98
99,99,user_99@example.com,password99
100,100,user_100@example.com,password100
101,101,user_101@example.com,password101
102,102,user_102@example.com,password102
103,103,user_103@example.com,password103
104,104,user_104@example.com,password104
105,105,user_105@example.com,password105
106,106,user_106@example.com,password106
107,107,user_107@example.com,password107
108,108,user_108@example.com,password108
109,109,user_109@example.com,password109
110,110,user_110@example.com,password110
111,111,user_111@example.com,password111
112,112,user_112@example.com,password112
113,113,user_113@example.com,password113
114,114,user_114@example.com,password114
115,115,user_115@example.com,password115
116,116,user_116@example.com,password116
117,117,user_117@example.com,password117
118,118,user_118@example.com,password118
119,119,user_119@example.com,password119
120,120,user_120@example.com,password120
121,121,user_121@example.com,password121
122,122,user_122@example.com,password122
123,123,user_123@example.com,password123
124,124,user_124@example.com,password124
125,125,user_125@example.com,password125
126,126,user_126@example.com,password126
127,127,user_127@example.com,password127
128,128,user_128@example.com,password128
129,129,user_129@example.com,password129
130,130,user_130@example.com,password130
131,131,user_131@example.com,password131
132,132,user_132@example.com,password132
133,133,user_133@example.com,password133
134,134,user_134@example.com,password134
135,135,user_135@example.com,password135
136,136,user_136@example.com,password136
137,137,user_137@example.com,password137
138,138,user_138@example.com,password138
139,139,user_139@example.com,password139
140,140,user_140@example.com,password140
141,141,user_141@example.com,password141
142,142,user_142@example.com,password142
143,143,user_143@example.com,password143
144,144,user_144@example.com,password144
145,145,user_145@example.com,password145
146,146,user_146@example.com,password146
147,147,user_147@example.com,password147
148,148,user_148@example.com,password148
149,149,user_149@example.com,password149
150,150,user_150@example.com,password150
151,151,user_151@example.com,password151
152,152,user_152@example.com,password152
153,153,user_153@example.com,password153
154,154,user_154@example.com,password154
155,155,user_155@example.com,password155
156,156,user_156@example.com,password156
157,157,user_157@example.com,password157
158,158,user_158@example.com,password158
159,159,user_159@example.com,password159
160,160,user_160@example.com,password160
161,161,user_161@example.com,password161
162,162,user_162@example.com,password162
163,163,user_163@example.com,password163
164,164,user_164@example.com,password164
165,165,user_165@example.com,password165
166,166,user_166@example.com,password166
167,167,user_167@example.com,password167
168,168,user_168@example.com,password168
169,169,user_169@example.com,password169
170,170,user_170@example.com,password170
171,171,user_171@example.com,password171
172,172,user_172@example.com,password172
173,173,user_173@example.com,password173
174,174,user_174@example.com,password174
175,175,user_175@example.com,password175
176,176,user_176@example.com,password176
177,177,user_177@example.com,password177
178,178,user_178@example.com,password178
179,179,user_179@example.com,password179
180,180,user_180@example.com,password180
181,181,user_181@example.com,password181
182,182,user_182@example.com,password182
183,183,user_183@example.com,password183
184,184,user_184@example.com,password184
185,185,user_185@example.com,password185
186,186,user_186@example.com,password186
187,187,user_187@example.com,password187
188,188,user_188@example.com,password188
189,189,user_189@example.com,password189
190,190,user_190@example.com,password190
191,191,user_191@example.com,password191
192,192,user_192@example.com,password192
193,193,user_193@example.com,password193
194,194,user_194@example.com,password194
195,195,user_195@example.com,password195
196,196,user_196@example.com,password196
197,197,user_197@example.com,password197
198,198,user_198@example.com,password198
199,199,user_199@example.com,password199
200,200,user_200@example.com,password200
201,201,user_201@example.com,password201
202,202,user_202@example.com,password202
203,203,user_203@example.com,password203
204,204,user_204@example.com,password204
205,205,user_205@example.com,password205
206,206,user_206@example.com,password206
207,207,user_207@example.com,password207
208,208,user_208@example.com,password208
209,209,user_209@example.com,password209
210,210,user_210@example.com,password210
211,211,user_211@example.com,password211
212,212,user_212@example.com,password212
213,213,user_213@example.com,password213
214,214,user_214@example.com,password214
215,215,user_215@example.com,password215
216,216,user_216@example.com,password216
217,217,user_217@example.com,password217
218,218,user_218@example.com,password218
219,219,user_219@example.com,password219
220,220,user_220@example.com,password220
221,221,user_221@example.com,password221
222,222,user_222@example.com,password222
223,223,user_223@example.com,password223
224,224,user_224@example.com,password224
225,225,user_225@example.com,password225
226,226,user_226@example.com,password226
227,227,user_227@example.com,password227
228,228,user_228@example.com,password228
229,229,user_229@example.com,password229
230,230,user_230@example.com,password230
231,231,user_231@example.com,password231
232,232,user_232@example.com,password232
233,233,user_233@example.com,password233
234,234,user_234@example.com,password234
235,235,user_235@example.com,password235
236,236,user_236@example.com,password236
237,237,user_237@example.com,password237
238,238,user_238@example.com,password238
239,239,user_239@example.com,password239
240,240,user_240@example.com,password240
241,241,user_241@example.com,password241
242,242,user_242@example.com,password242
243,243,user_243@example.com,password243
244,244,user_244@example.com,password244
245,245,user_245@example.com,password245
246,246,user_246@example.com,password246
247,247,user_247@example.com,password247
248,248,user_248@example.com,password248
249,249,user_249@example.com,password249
250,250,user_250@example.com,password250
251,251,user_251@example.com,password251
252,252,user_252@example.com,password252
253,253,user_253@example.com,password253
254,254,user_254@example.com,password254
255,255,user_255@example.com,password255
256,256,user_256@example.com,password256
257,257,user_257@example.com,password257
258,258,user_258@example.com,password258
259,259,user_259@example.com,password259
260,260,user_260@example.com,password260
261,261,user_261@example.com,password261
262,262,user_262@example.com,password262
263,263,user_263@example.com,password263
264,264,user_264@example.com,password264
265,265,user_265@example.com,password265
266,266,user_266@example.com,password266
267,267,user_267@example.com,password267
268,268,user_268@example.com,password268
269,269,user_269@example.com,password269
270,270,user_270@example.com,password270
271,271,user_271@example.com,password271
272,272,user_272@example.com,password272
273,273,user_273@example.com,password273
274,274,user_274@example.com,password274
275,275,user_275@example.com,password275
276,276,user_276@example.com,password276
277,277,user_277@example.com,password277
278,278,user_278@example.com,password278
279,279,user_279@example.com,password279
280,280,user_280@example.com,password280
281,281,user_281@example.com,password281
282,282,user_282@example.com,password282
283,283,user_283@example.com,password283
284,284,user_284@example.com,password284
285,285,user_285@example.com,password285
286,286,user_286@example.com,password286
287,287,user_287@example.com,password287
288,288,user_288@example.com,password288
289,289,user_289@example.com,password289
290,290,user_290@example.com,password290
291,291,user_291@example.com,password291
292,292,user_292@example.com,password292
293,293,user_293@example.com,password293
294,294,user_294@example.com,password294
295,295,user_295@example.com,password295
296,296,user_296@example.com,password296
297,297,user_297@example.com,password297
298,298,user_298@example.com,password298
299,299,user_299@example.com,password299
300,300,user_300@example.com,password300
301,301,user_301@example.com,password301
302,302,user_302@example.com,password302
303,303,user_303@example.com,password303
304,304,user_304@example.com,password304
305,305,user_305@example.com,password305
306,306,user_306@example.com,password306
307,307,user_307@example.com,password307
308,308,user_308@example.com,password308
309,309,user_309@example.com,password309
310,310,user_310@example.com,password310
311,311,user_311@example.com,password311
312,312,user_312@example.com,password312
313,313,user_313@example.com,password313
314,314,user_314@example.com,password314
315,315,user_315@example.com,password315
316,316,user_316@example.com,password316
317,317,user_317@example.com,password317
318,318,user_318@example.com,password318
319,319,user_319@example.com,password319
320,320,user_320@example.com,password320
321,321,user_321@example.com,password321
322,322,user_322@example.com,password322
323,323,user_323@example.com,password323
324,324,user_324@example.com,password324
325,325,user_325@example.com,password325
326,326,user_326@example.com,password326
327,327,user_327@example.com,password327
328,328,user_328@example.com,password328
329,329,user_329@example.com,password329
330,330,user_330@example.com,password330
331,331,user_331@example.com,password331
332,332,user_332@example.com,password332
333,333,user_333@example.com,password333
334,334,user_334@example.com,password334
335,335,user_335@example.com,password335
336,336,user_336@example.com,password336
337,337,user_337@example.com,password337
338,338,user_338@example.com,password338
339,339,user_339@example.com,password339
340,340,user_340@example.com,password340
341,341,user_341@example.com,password341
342,342,user_342@example.com,password342
343,343,user_343@example.com,password343
344,344,user_344@example.com,password344
345,345,user_345@example.com,password345
346,346,user_346@example.com,password346
347,347,user_347@example.com,password347
348,348,user_348@example.com,password348
349,349,user_349@example.com,password349
350,350,user_350@example.com,password350
351,351,user_351@example.com,password351
352,352,user_352@example.com,password352
353,353,user_353@example.com,password353
354,354,user_354@example.com,password354
355,355,user_355@example.com,password355
356,356,user_356@example.com,password356
357,357,user_357@example.com,password357
358,358,user_358@example.com,password358
359,359,user_359@example.com,password359
360,360,user_360@example.com,password360
361,361,user_361@example.com,password361
362,362,user_362@example.com,password362
363,363,user_363@example.com,password363
364,364,user_364@example.com,password364
365,365,user_365@example.com,password365
366,366,user_366@example.com,password366
367,367,user_367@example.com,password367
368,368,user_368@example.com,password368
369,369,user_369@example.com,password369
370,370,user_370@example.com,password370
371,371,user_371@example.com,password371
372,372,user_372@example.com,password372
373,373,user_373@example.com,password373
374,374,user_374@example.com,password374
375,375,user_375@example.com,password375
376,376,user_376@example.com,password376
377,377,user_377@example.com,password377
378,378,user_378@example.com,password378
379,379,user_379@example.com,password379
380,380,user_380@example.com,password380
381,381,user_381@example.com,password381
382,382,user_382@example.com,password382
383,383,user_383@example.com,password383
384,384,user_384@example.com,password384
385,385,user_385@example.com,password385
386,386,user_386@example.com,password386
387,387,user_387@example.com,password387
388,388,user_388@example.com,password388
389,389,user_389@example.com,password389
390,390,user_390@example.com,password390
391,391,user_391@example.com,password391
392,392,user_392@example.com,password392
393,393,user_393@example.com,password393
394,394,user_394@example.com,password394
395,395,user_395@example.com,password395
396,396,user_396@example.com,password396
397,397,user_397@example.com,password397
398,398,user_398@example.com,password398
399,399,user_399@example.com,password399
400,400,user_400@example.com,password400
401,401,user_401@example.com,password401
402,402,user_402@example.com,password402
403,403,user_403@example.com,password403
404,404,user_404@example.com,password404
405,405,user_405@example.com,password405
406,406,user_406@example.com,password406
407,407,user_407@example.com,password407
408,408,user_408@example.com,password408
409,409,user_409@example.com,password409
410,410,user_410@example.com,password410
411,411,user_411@example.com,password411
412,412,user_412@example.com,password412
413,413,user_413@example.com,password413
414,414,user_414@example.com,password414
415,415,user_415@example.com,password415
416,416,user_416@example.com,password416
417,417,user_417@example.com,password417
418,418,user_418@example.com,password418
419,419,user_419@example.com,password419
420,420,user_420@example.com,password420
421,421,user_421@example.com,password421
422,422,user_422@example.com,password422
423,423,user_423@example.com,password423
424,424,user_424@example.com,password424
425,425,user_425@example.com,password425
426,426,user_426@example.com,password426
427,427,user_427@example.com,password427
428,428,user_428@example.com,password428
429,429,user_429@example.com,password429
430,430,user_430@example.com,password430
431,431,user_431@example.com,password431
432,432,user_432@example.com,password432
433,433,user_433@example.com,password433
434,434,user_434@example.com,password434
435,435,user_435@example.com,password435
436,436,user_436@example.com,password436
437,437,user_437@example.com,password437
438,438,user_438@example.com,password438
439,439,user_439@example.com,password439
440,440,user_440@example.com,password440
441,441,user_441@example.com,password441
442,442,user_442@example.com,password442
443,443,user_443@example.com,password443
444,444,user_444@example.com,password444
445,445,user_445@example.com,password445
446,446,user_446@example.com,password446
447,447,user_447@example.com,password447
448,448,user_448@example.com,password448
449,449,user_449@example.com,password449
450,450,user_450@example.com,password450
451,451,user_451@example.com,password451
452,452,user_452@example.com,password452
453,453,user_453@example.com,password453
454,454,user_454@example.com,password454
455,455,user_455@example.com,password455
456,456,user_456@example.com,password456
457,457,user_457@example.com,password457
458,458,user_458@example.com,password458
459,459,user_459@example.com,password459
460,460,user_460@example.com,password460
461,461,user_461@example.com,password461
462,462,user_462@example.com,password462
463,463,user_463@example.com,password463
464,464,user_464@example.com,password464
465,465,user_465@example.com,password465
466,466,user_466@example.com,password466
467,467,user_467@example.com,password467
468,468,user_468@example.com,password468
469,469,user_469@example.com,password469
470,470,user_470@example.com,password470
471,471,user_471@example.com,password471
472,472,user_472@example.com,password472
473,473,user_473@example.com,password473
474,474,user_474@example.com,password474
475,475,user_475@example.com,password475
476,476,user_476@example.com,password476
477,477,user_477@example.com,password477
478,478,user_478@example.com,password478
479,479,user_479@example.com,password479
480,480,user_480@example.com,password480
481,481,user_481@example.com,password481
482,482,user_482@example.com,password482
483,483,user_483@example.com,password483
484,484,user_484@example.com,password484
485,485,user_485@example.com,password485
486,486,user_486@example.com,password486
487,487,user_487@example.com,password487
488,488,user_488@example.com,password488
489,489,user_489@example.com,password489
490,490,user_490@example.com,password490
491,491,user_491@example.com,password491
492,492,user_492@example.com,password492
493,493,user_493@example.com,password493
494,494,user_494@example.com,password494
495,495,user_495@example.com,password495
496,496,user_496@example.com,password496
497,497,user_497@example.com,password497
498,498,user_498@example.com,password498
499,499,user_499@example.com,password499
500,500,user_500@example.com,password500
501,501,user_501@example.com,password501
502,502,user_502@example.com,password502
503,503,user_503@example.com,password503
504,504,user_504@example.com,password504
505,505,user_505@example.com,password505
506,506,user_506@example.com,password506
507,507,user_507@example.com,password507
508,508,user_508@example.com,password508
509,509,user_509@example.com,password509
510,510,user_510@example.com,password510
511,511,user_511@example.com,password511
512,512,user_512@example.com,password512
513,513,user_513@example.com,password513
514,514,user_514@example.com,password514
515,515,user_515@example.com,password515
516,516,user_516@example.com,password516
517,517,user_517@example.com,password517
518,518,user_518@example.com,password518
519,519,user_519@example.com,password519
520,520,user_520@example.com,password520
521,521,user_521@example.com,password521
522,522,user_522@example.com,password522
523,523,user_523@example.com,password523
524,524,user_524@example.com,password524
525,525,user_525@example.com,password525
526,526,user_526@example.com,password526
527,527,user_527@example.com,password527
528,528,user_528@example.com,password528
529,529,user_529@example.com,password529
530,530,user_530@example.com,password530
531,531,user_531@example.com,password531
532,532,user_532@example.com,password532
533,533,user_533@example.com,password533
534,534,user_534@example.com,password534
535,535,user_535@example.com,password535
536,536,user_536@example.com,password536
537,537,user_537@example.com,password537
538,538,user_538@example.com,password538
539,539,user_539@example.com,password539
540,540,user_540@example.com,password540
541,541,user_541@example.com,password541
542,542,user_542@example.com,password542
543,543,user_543@example.com,password543
544,544,user_544@example.com,password544
545,545,user_545@example.com,password545
546,546,user_546@example.com,password546
547,547,user_547@example.com,password547
548,548,user_548@example.com,password548
549,549,user_549@example.com,password549
550,550,user_550@example.com,password550
551,551,user_551@example.com,password551
552,552,user_552@example.com,password552
553,553,user_553@example.com,password553
554,554,user_554@example.com,password554
555,555,user_555@example.com,password555
556,556,user_556@example.com,password556
557,557,user_557@example.com,password557
558,558,user_558@example.com,password558
559,559,user_559@example.com,password559
560,560,user_560@example.com,password560
561,561,user_561@example.com,password561
562,562,user_562@example.com,password562
563,563,user_563@example.com,password563
564,564,user_564@example.com,password564
565,565,user_565@example.com,password565
566,566,user_566@example.com,password566
567,567,user_567@example.com,password567
568,568,user_568@example.com,password568
569,569,user_569@example.com,password569
570,570,user_570@example.com,password570
571,571,user_571@example.com,password571
572,572,user_572@example.com,password572
573,573,user_573@example.com,password573
574,574,user_574@example.com,password574
575,575,user_575@example.com,password575
576,576,user_576@example.com,password576
577,577,user_577@example.com,password577
578,578,user_578@example.com,password578
579,579,user_579@example.com,password579
580,580,user_580@example.com,password580
581,581,user_581@example.com,password581
582,582,user_582@example.com,password582
583,583,user_583@example.com,password583
584,584,user_584@example.com,password584
585,585,user_585@example.com,password585
586,586,user_586@example.com,password586
587,587,user_587@example.com,password587
588,588,user_588@example.com,password588
589,589,user_589@example.com,password589
590,590,user_590@example.com,password590
591,591,user_591@example.com,password591
592,592,user_592@example.com,password592
593,593,user_593@example.com,password593
594,594,user_594@example.com,password594
595,595,user_595@example.com,password595
596,596,user_596@example.com,password596
597,597,user_597@example.com,password597
598,598,user_598@example.com,password598
599,599,user_599@example.com,password599
600,600,user_600@example.com,password600
601,601,user_601@example.com,password601
602,602,user_602@example.com,password602
603,603,user_603@example.com,password603
604,604,user_604@example.com,password604
605,605,user_605@example.com,password605
606,606,user_606@example.com,password606
607,607,user_607@example.com,password607
608,608,user_608@example.com,password608
609,609,user_609@example.com,password609
610,610,user_610@example.com,password610
611,611,user_611@example.com,password611
612,612,user_612@example.com,password612
613,613,user_613@example.com,password613
614,614,user_614@example.com,password614
615,615,user_615@example.com,password615
616,616,user_616@example.com,password616
617,617,user_617@example.com,password617
618,618,user_618@example.com,password618
619,619,user_619@example.com,password619
620,620,user_620@example.com,password620
621,621,user_621@example.com,password621
622,622,user_622@example.com,password622
623,623,user_623@example.com,password623
624,624,user_624@example.com,password624
625,625,user_625@example.com,password625
626,626,user_626@example.com,password626
627,627,user_627@example.com,password627
628,628,user_628@example.com,password628
629,629,user_629@example.com,password629
630,630,user_630@example.com,password630
631,631,user_631@example.com,password631
632,632,user_632@example.com,password632
633,633,user_633@example.com,password633
634,634,user_634@example.com,password634
635,635,user_635@example.com,password635
636,636,user_636@example.com,password636
637,637,user_637@example.com,password637
638,638,user_638@example.com,password638
639,639,user_639@example.com,password639
640,640,user_640@example.com,password640
641,641,user_641@example.com,password641
642,642,user_642@example.com,password642
643,643,user_643@example.com,password643
644,644,user_644@example.com,password644
645,645,user_645@example.com,password645
646,646,user_646@example.com,password646
647,647,user_647@example.com,password647
648,648,user_648@example.com,password648
649,649,user_649@example.com,password649
650,650,user_650@example.com,password650
651,651,user_651@example.com,password651
652,652,user_652@example.com,password652
653,653,user_653@example.com,password653
654,654,user_654@example.com,password654
655,655,user_655@example.com,password655
656,656,user_656@example.com,password656
657,657,user_657@example.com,password657
658,658,user_658@example.com,password658
659,659,user_659@example.com,password659
660,660,user_660@example.com,password660
661,661,user_661@example.com,password661
662,662,user_662@example.com,password662
663,663,user_663@example.com,password663
664,664,user_664@example.com,password664
665,665,user_665@example.com,password665
666,666,user_666@example.com,password666
667,667,user_667@example.com,password667
668,668,user_668@example.com,password668
669,669,user_669@example.com,password669
670,670,user_670@example.com,password670
671,671,user_671@example.com,password671
672,672,user_672@example.com,password672
673,673,user_673@example.com,password673
674,674,user_674@example.com,password674
675,675,user_675@example.com,password675
676,676,user_676@example.com,password676
677,677,user_677@example.com,password677
678,678,user_678@example.com,password678
679,679,user_679@example.com,password679
680,680,user_680@example.com,password680
681,681,user_681@example.com,password681
682,682,user_682@example.com,password682
683,683,user_683@example.com,password683
684,684,user_684@example.com,password684
685,685,user_685@example.com,password685
686,686,user_686@example.com,password686
687,687,user_687@example.com,password687
688,688,user_688@example.com,password688
689,689,user_689@example.com,password689
690,690,user_690@example.com,password690
691,691,user_691@example.com,password691
692,692,user_692@example.com,password692
693,693,user_693@example.com,password693
694,694,user_694@example.com,password694
695,695,user_695@example.com,password695
696,696,user_696@example.com,password696
697,697,user_697@example.com,password697
698,698,user_698@example.com,password698
699,699,user_699@example.com,password699
700,700,user_700@example.com,password700
701,701,user_701@example.com,password701
702,702,user_702@example.com,password702
703,703,user_703@example.com,password703
704,704,user_704@example.com,password704
705,705,user_705@example.com,password705
706,706,user_706@example.com,password706
707,707,user_707@example.com,password707
708,708,user_708@example.com,password708
709,709,user_709@example.com,password709
710,710,user_710@example.com,password710
711,711,user_711@example.com,password711
712,712,user_712@example.com,password712
713,713,user_713@example.com,password713
714,714,user_714@example.com,password714
715,715,user_715@example.com,password715
716,716,user_716@example.com,password716
717,717,user_717@example.com,password717
718,718,user_718@example.com,password718
719,719,user_719@example.com,password719
720,720,user_720@example.com,password720
721,721,user_721@example.com,password721
722,722,user_722@example.com,password722
723,723,user_723@example.com,password723
724,724,user_724@example.com,password724
725,725,user_725@example.com,password725
726,726,user_726@example.com,password726
727,727,user_727@example.com,password727
728,728,user_728@example.com,password728
729,729,user_729@example.com,password729
730,730,user_730@example.com,password730
731,731,user_731@example.com,password731
732,732,user_732@example.com,password732
733,733,user_733@example.com,password733
734,734,user_734@example.com,password734
735,735,user_735@example.com,password735
736,736,user_736@example.com,password736
737,737,user_737@example.com,password737
738,738,user_738@example.com,password738
739,739,user_739@example.com,password739
740,740,user_740@example.com,password740
741,741,user_741@example.com,password741
742,742,user_742@example.com,password742
743,743,user_743@example.com,password743
744,744,user_744@example.com,password744
745,745,user_745@example.com,password745
746,746,user_746@example.com,password746
747,747,user_747@example.com,password747
748,748,user_748@example.com,password748
749,749,user_749@example.com,password749
750,750,user_750@example.com,password750
751,751,user_751@example.com,password751
752,752,user_752@example.com,password752
753,753,user_753@example.com,password753
754,754,user_754@example.com,password754
755,755,user_755@example.com,password755
756,756,user_756@example.com,password756
757,757,user_757@example.com,password757
758,758,user_758@example.com,password758
759,759,user_759@example.com,password759
760,760,user_760@example.com,password760
761,761,user_761@example.com,password761
762,762,user_762@example.com,password762
763,763,user_763@example.com,password763
764,764,user_764@example.com,password764
765,765,user_765@example.com,password765
766,766,user_766@example.com,password766
767,767,user_767@example.com,password767
768,768,user_768@example.com,password768
769,769,user_769@example.com,password769
770,770,user_770@example.com,password770
771,771,user_771@example.com,password771
772,772,user_772@example.com,password772
773,773,user_773@example.com,password773
774,774,user_774@example.com,password774
775,775,user_775@example.com,password775
776,776,user_776@example.com,password776
777,777,user_777@example.com,password777
778,778,user_778@example.com,password778
779,779,user_779@example.com,password779
780,780,user_780@example.com,password780
781,781,user_781@example.com,password781
782,782,user_782@example.com,password782
783,783,user_783@example.com,password783
784,784,user_784@example.com,password784
785,785,user_785@example.com,password785
786,786,user_786@example.com,password786
787,787,user_787@example.com,password787
788,788,user_788@example.com,password788
789,789,user_789@example.com,password789
790,790,user_790@example.com,password790
791,791,user_791@example.com,password791
792,792,user_792@example.com,password792
793,793,user_793@example.com,password793
794,794,user_794@example.com,password794
795,795,user_795@example.com,password795
796,796,user_796@example.com,password796
797,797,user_797@example.com,password797
798,798,user_798@example.com,password798
799,799,user_799@example.com,password799
800,800,user_800@example.com,password800
801,801,user_801@example.com,password801
802,802,user_802@example.com,password802
803,803,user_803@example.com,password803
804,804,user_804@example.com,password804
805,805,user_805@example.com,password805
806,806,user_806@example.com,password806
807,807,user_807@example.com,password807
808,808,user_808@example.com,password808
809,809,user_809@example.com,password809
810,810,user_810@example.com,password810
811,811,user_811@example.com,password811
812,812,user_812@example.com,password812
813,813,user_813@example.com,password813
814,814,user_814@example.com,password814
815,815,user_815@example.com,password815
816,816,user_816@example.com,password816
817,817,user_817@example.com,password817
818,818,user_818@example.com,password818
819,819,user_819@example.com,password819
820,820,user_820@example.com,password820
821,821,user_821@example.com,password821
822,822,user_822@example.com,password822
823,823,user_823@example.com,password823
824,824,user_824@example.com,password824
825,825,user_825@example.com,password825
826,826,user_826@example.com,password826
827,827,user_827@example.com,password827
828,828,user_828@example.com,password828
829,829,user_829@example.com,password829
830,830,user_830@example.com,password830
831,831,user_831@example.com,password831
832,832,user_832@example.com,password832
833,833,user_833@example.com,password833
834,834,user_834@example.com,password834
835,835,user_835@example.com,password835
836,836,user_836@example.com,password836
837,837,user_837@example.com,password837
838,838,user_838@example.com,password838
839,839,user_839@example.com,password839
840,840,user_840@example.com,password840
841,841,user_841@example.com,password841
842,842,user_842@example.com,password842
843,843,user_843@example.com,password843
844,844,user_844@example.com,password844
845,845,user_845@example.com,password845
846,846,user_846@example.com,password846
847,847,user_847@example.com,password847
848,848,user_848@example.com,password848
849,849,user_849@example.com,password849
850,850,user_850@example.com,password850
851,851,user_851@example.com,password851
852,852,user_852@example.com,password852
853,853,user_853@example.com,password853
854,854,user_854@example.com,password854
855,855,user_855@example.com,password855
856,856,user_856@example.com,password856
857,857,user_857@example.com,password857
858,858,user_858@example.com,password858
859,859,user_859@example.com,password859
860,860,user_860@example.com,password860
861,861,user_861@example.com,password861
862,862,user_862@example.com,password862
863,863,user_863@example.com,password863
864,864,user_864@example.com,password864
865,865,user_865@example.com,password865
866,866,user_866@example.com,password866
867,867,user_867@example.com,password867
868,868,user_868@example.com,password868
869,869,user_869@example.com,password869
870,870,user_870@example.com,password870
871,871,user_871@example.com,password871
872,872,user_872@example.com,password872
873,873,user_873@example.com,password873
874,874,user_874@example.com,password874
875,875,user_875@example.com,password875
876,876,user_876@example.com,password876
877,877,user_877@example.com,password877
878,878,user_878@example.com,password878
879,879,user_879@example.com,password879
880,880,user_880@example.com,password880
881,881,user_881@example.com,password881
882,882,user_882@example.com,password882
883,883,user_883@example.com,password883
884,884,user_884@example.com,password884
885,885,user_885@example.com,password885
886,886,user_886@example.com,password886
887,887,user_887@example.com,password887
888,888,user_888@example.com,password888
889,889,user_889@example.com,password889
890,890,user_890@example.com,password890
891,891,user_891@example.com,password891
892,892,user_892@example.com,password892
893,893,user_893@example.com,password893
894,894,user_894@example.com,password894
895,895,user_895@example.com,password895
896,896,user_896@example.com,password896
897,897,user_897@example.com,password897
898,898,user_898@example.com,password898
899,899,user_899@example.com,password899
900,900,user_900@example.com,password900
901,901,user_901@example.com,password901
902,902,user_902@example.com,password902
903,903,user_903@example.com,password903
904,904,user_904@example.com,password904
905,905,user_905@example.com,password905
906,906,user_906@example.com,password906
907,907,user_907@example.com,password907
908,908,user_908@example.com,password908
909,909,user_909@example.com,password909
910,910,user_910@example.com,password910
911,911,user_911@example.com,password911
912,912,user_912@example.com,password912
913,913,user_913@example.com,password913
914,914,user_914@example.com,password914
915,915,user_915@example.com,password915
916,916,user_916@example.com,password916
917,917,user_917@example.com,password917
918,918,user_918@example.com,password918
919,919,user_919@example.com,password919
920,920,user_920@example.com,password920
921,921,user_921@example.com,password921
922,922,user_922@example.com,password922
923,923,user_923@example.com,password923
924,924,user_924@example.com,password924
925,925,user_925@example.com,password925
926,926,user_926@example.com,password926
927,927,user_927@example.com,password927
928,928,user_928@example.com,password928
929,929,user_929@example.com,password929
930,930,user_930@example.com,password930
931,931,user_931@example.com,password931
932,932,user_932@example.com,password932
933,933,user_933@example.com,password933
934,934,user_934@example.com,password934
935,935,user_935@example.com,password935
936,936,user_936@example.com,password936
937,937,user_937@example.com,password937
938,938,user_938@example.com,password938
939,939,user_939@example.com,password939
940,940,user_940@example.com,password940
941,941,user_941@example.com,password941
942,942,user_942@example.com,password942
943,943,user_943@example.com,password943
944,944,user_944@example.com,password944
945,945,user_945@example.com,password945
946,946,user_946@example.com,password946
947,947,user_947@example.com,password947
948,948,user_948@example.com,password948
949,949,user_949@example.com,password949
950,950,user_950@example.com,password950
951,951,user_951@example.com,password951
952,952,user_952@example.com,password952
953,953,user_953@example.com,password953
954,954,user_954@example.com,password954
955,955,user_955@example.com,password955
956,956,user_956@example.com,password956
957,957,user_957@example.com,password957
958,958,user_958@example.com,password958
959,959,user_959@example.com,password959
960,960,user_960@example.com,password960
961,961,user_961@example.com,password961
962,962,user_962@example.com,password962
963,963,user_963@example.com,password963
964,964,user_964@example.com,password964
965,965,user_965@example.com,password965
966,966,user_966@example.com,password966
967,967,user_967@example.com,password967
968,968,user_968@example.com,password968
969,969,user_969@example.com,password969
970,970,user_970@example.com,password970
971,971,user_971@example.com,password971
972,972,user_972@example.com,password972
973,973,user_973@example.com,password973
974,974,user_974@example.com,password974
975,975,user_975@example.com,password975
976,976,user_976@example.com,password976
977,977,user_977@example.com,password977
978,978,user_978@example.com,password978
979,979,user_979@example.com,password979
980,980,user_980@example.com,password980
981,981,user_981@example.com,password981
982,982,user_982@example.com,password982
983,983,user_983@example.com,password983
984,984,user_984@example.com,password984
985,985,user_985@example.com,password985
986,986,user_986@example.com,password986
987,987,user_987@example.com,password987
988,988,user_988@example.com,password988
989,989,user_989@example.com,password989
990,990,user_990@example.com,password990
991,991,user_991@example.com,password991
992,992,user_992@example.com,password992
993,993,user_993@example.com,password993
994,994,user_994@example.com,password994
995,995,user_995@example.com,password995
996,996,user_996@example.com,password996
997,997,user_997@example.com,password997
998,998,user_998@example.com,password998
999,999,user_999@example.com,password999
